{
  "features": [
    "accelerometerX",
    "accelerometerY",
    "accelerometerZ",
    "gyroX",
    "gyroY",
    "gyroZ",
    "speed",
    "accelMagnitude",
    "gyroMagnitude",
    "zAccelDeviation"
  ],
  "thresholds": {
    "accelerometerX": {
      "pos_mean": 0.008139321970385138,
      "pos_std": 0.27683533249316633,
      "neg_mean": 0.04420979086923416,
      "neg_std": 0.11465501114583518,
      "threshold": 0.02617455641980965,
      "importance": 0.10064518423216803
    },
    "accelerometerY": {
      "pos_mean": -0.9475393369216331,
      "pos_std": 0.22295352737938676,
      "neg_mean": -0.9619635658702631,
      "neg_std": 0.08629999134817297,
      "threshold": -0.9547514513959481,
      "importance": 0.05623396227893146
    },
    "accelerometerZ": {
      "pos_mean": 0.14685898418574372,
      "pos_std": 0.22568045091719122,
      "neg_mean": 0.2107374476290297,
      "neg_std": 0.13971973820751032,
      "threshold": 0.1787982159073867,
      "importance": 0.047826867919364184
    },
    "gyroX": {
      "pos_mean": -0.020127236315738376,
      "pos_std": 0.19544079509750265,
      "neg_mean": -0.01750252324648511,
      "neg_std": 0.07803550250938435,
      "threshold": -0.018814879781111744,
      "importance": 0.07326722071846099
    },
    "gyroY": {
      "pos_mean": -0.03335330355972873,
      "pos_std": 0.26293734822159803,
      "neg_mean": -0.009201821542745202,
      "neg_std": 0.12747730932614562,
      "threshold": -0.021277562551236966,
      "importance": 0.06639287892330903
    },
    "gyroZ": {
      "pos_mean": 0.014352413034419061,
      "pos_std": 0.18678968476856678,
      "neg_mean": 0.00011314595497358223,
      "neg_std": 0.06735870790695267,
      "threshold": 0.007232779494696321,
      "importance": 0.05719310653293884
    },
    "speed": {
      "pos_mean": 8.454263554062958,
      "pos_std": 2.3646996564364438,
      "neg_mean": 5.584607281012041,
      "neg_std": 4.364235211261989,
      "threshold": 7.019435417537499,
      "importance": 0.24977060597045125
    },
    "accelMagnitude": {
      "pos_mean": 1.0325368989476953,
      "pos_std": 0.17165097498936271,
      "neg_mean": 1.0026393632212958,
      "neg_std": 0.08094428874014374,
      "threshold": 1.0175881310844956,
      "importance": 0.08323763291963443
    },
    "gyroMagnitude": {
      "pos_mean": 0.30303655598180756,
      "pos_std": 0.2267420562629644,
      "neg_mean": 0.11057264917312289,
      "neg_std": 0.12262235732490503,
      "threshold": 0.20680460257746522,
      "importance": 0.19926810476063747
    },
    "zAccelDeviation": {
      "pos_mean": 0.8562064947083939,
      "pos_std": 0.21366038461618725,
      "neg_mean": 0.7893751955580437,
      "neg_std": 0.13908162082977377,
      "threshold": 0.8227908451332189,
      "importance": 0.06616443574410436
    }
  },
  "decision_weights": {
    "accelerometerX": 0.10064518423216803,
    "accelerometerY": 0.05623396227893146,
    "accelerometerZ": 0.047826867919364184,
    "gyroX": 0.07326722071846099,
    "gyroY": 0.06639287892330903,
    "gyroZ": 0.05719310653293884,
    "speed": 0.24977060597045125,
    "accelMagnitude": 0.08323763291963443,
    "gyroMagnitude": 0.19926810476063747,
    "zAccelDeviation": 0.06616443574410436
  }
}